,mean,median,mode,min,max,range,std_dev
traffic_volume,3259.8183553232097,3380.0,353.0,0.0,7280.0,7280.0,1986.8606704463589
temp,281.2058703012198,282.45,274.15,0.0,310.07,310.07,13.338231912676328
rain_1h,0.3342639614969712,0.0,0.0,0.0,9831.3,9831.3,44.789133036939184
snow_1h,0.00022238818355323212,0.0,0.0,0.0,0.51,0.51,0.00816761120536159
clouds_all,49.36223135009543,64.0,90.0,0.0,100.0,100.0,39.01575046141364
